pr_auc,roc_auc,accuracy,precision,recall,f1_score,operating_threshold
0.9798878304483083,0.989454882212516,0.9958735226192094,0.9772908366533865,0.929518757104964,0.9528063701689649,0.94
