pr_auc,roc_auc,accuracy,precision,recall,f1_score,operating_threshold
0.9148100390117793,0.971796558794291,0.9916457243768254,0.9511343804537522,0.8515625,0.8985985160758451,0.7995732182638394
