pr_auc,roc_auc,accuracy,precision,recall,f1_score,operating_threshold
0.8533964228050401,0.9530365733508487,0.98573660259458,0.8937728937728938,0.7625,0.8229342327150084,0.8399173737270702
