pr_auc,roc_auc,accuracy,precision,recall,f1_score,operating_threshold
0.7564056732727132,0.9116580088784497,0.9935475106975481,0.900990099009901,0.9622356495468278,0.9306062819576333,0.2564507643183392
