pr_auc,roc_auc,accuracy,precision,recall,f1_score,operating_threshold
0.967094734677818,0.9875549800169353,0.9947700876180127,0.925764192139738,0.9607250755287009,0.9429206819866568,0.8341192825297534
