pr_auc,roc_auc,accuracy,precision,recall,f1_score,operating_threshold
0.923066528392239,0.9599386875184108,0.9938871153976772,0.9598070739549839,0.9018126888217523,0.9299065420560748,0.969665741504038
