pr_auc,roc_auc,accuracy,precision,recall,f1_score,operating_threshold
0.9630843605109366,0.9859009331589528,0.9807783739726957,0.7122060470324748,0.9607250755287009,0.8180064308681672,0.5681588265048052
