pr_auc,roc_auc,accuracy,precision,recall,f1_score,operating_threshold
0.7761488873406618,0.9353359155221606,0.9901514636962575,0.8507462686567164,0.947129909365559,0.8963545389563974,0.524178683757782
