pr_auc,roc_auc,accuracy,precision,recall,f1_score,operating_threshold
0.968354831758574,0.9889854112132485,0.9832914487536507,0.7396313364055299,0.9697885196374623,0.8392156862745098,0.4551379382610321
