pr_auc,roc_auc,accuracy,precision,recall,f1_score,operating_threshold
0.9706783476330143,0.9923062300050317,0.9956349138153259,0.9663677130044843,0.8988529718456726,0.9313884386817937,0.96
