pr_auc,roc_auc,accuracy,precision,recall,f1_score,operating_threshold
0.7366103544447554,0.8979049742479412,0.9805066902125925,0.70996640537514,0.9577039274924471,0.8154340836012862,0.6961050988731914
