pr_auc,roc_auc,accuracy,precision,recall,f1_score,operating_threshold
0.9590854327111099,0.9879275266910565,0.9955960121369745,0.9543348775645268,0.8862937922556853,0.9190567240280434,0.958904109589041
